{
  "assetsByChunkName": {
    "vendors~app-account~app-checkout~app-confirmation~app-order": "chunk.2ddb4e2ffe7f16305681.js",
    "vendors~app-account~app-confirmation~app-order": "chunk.a259b56d28d0dab63f3e.js",
    "vendors~app-account~app-checkout": "chunk.5857374afc7a85f96661.js",
    "vendors~app-cart~app-checkout": "chunk.9bb91e5fa5c9f907b8a6.js",
    "admin": [
      "admin.0173e344d050281a34b2.js",
      "admin.0173e344d050281a34b2.js.map"
    ],
    "app-account": "chunk.ae32c8e83ddb30c16835.js",
    "app-checkout": "chunk.a183a60d3ab9af93a1f2.js",
    "app-confirmation": "chunk.234f896c4c9f464c4024.js",
    "app-order": "chunk.6255c2796cd1b0e191cd.js",
    "checkout": [
      "checkout.ef7ca9c15e9395c31bf5.js",
      "checkout.ef7ca9c15e9395c31bf5.js.map"
    ],
    "storefront": [
      "storefront.9f8e6a2df9b3fe1cb098.css",
      "storefront.f7bdba926f469d096355.js",
      "storefront.9f8e6a2df9b3fe1cb098.css.map",
      "storefront.f7bdba926f469d096355.js.map"
    ],
    "vendors~app-cart": "chunk.c9072e65c7fbd1eb70c4.js"
  }
}