{
  "meta_title": "",
  "meta_description": "",
  "sections": [
    {
      "type": "banner-slider",
      "autoplay": 9000,
      "full_width": false,
      "slides": [
        {
          "start": "",
          "end": "",
          "img": "/img/uploads/35142-banners-e-commerce.png",
          "link": "https://pontualchaves.com.br/fechaduras-digitais"
        },
        {
          "start": "",
          "end": "",
          "img": "/img/uploads/35142-banner-fech-mecanica.png"
        }
      ]
    },
    {
      "type": "info-bar",
      "enabled": true
    },
    {
      "type": "collection-shelf",
      "shuffle": true,
      "collection_id": null,
      "sort": "sales",
      "title": "",
      "headless": false,
      "limit": 12,
      "page": 1
    },
    {
      "type": "banners-grid",
      "banners": [
        {
          "img": "/img/uploads/35142-fech-dig.png",
          "link": "/fechaduras-digitais"
        },
        {
          "img": "/img/uploads/35142-fech-mec.png",
          "link": "/fechaduras-mecanicas",
          "alt": "fechaduras mecanicas"
        }
      ]
    },
    {
      "type": "collection-shelf",
      "shuffle": false,
      "limit": 12,
      "page": 1,
      "sort": "offers",
      "title": "Promoção"
    },
    {
      "type": "dynamic-showcase",
      "load_more": true
    },
    {
      "type": "brands-carousel",
      "limit": 24,
      "offset": 0
    }
  ]
}